Workbook

Sheet 概览
A1: 隔壁 · 迭代计划
A2: 原则：停下视觉打磨，迭代全部服务于 15 到 25 人的小型开放工作室实验。
A4: 阶段 | B4: 迭代项数 | C4: 已完成 | D4: 进行中 | E4: 未开始 | F4: 完成率 | G4: 这一阶段要做到的事
A5: P0 实验前 | B5: =COUNTIF(迭代清单!$B$2:$B$29,A5) | C5: =COUNTIFS(迭代清单!$B$2:$B$29,A5,迭代清单!$H$2:$H$29,"已完成") | D5: =COUNTIFS(迭代清单!$B$2:$B$29,A5,迭代清单!$H$2:$H$29,"进行中") | E5: =COUNTIFS(迭代清单!$B$2:$B$29,A5,迭代清单!$H$2:$H$29,"未开始") | F5: =IF(B5=0,"",C5/B5) | G5: 开放工作室之前必须补上的
A6: P1 实验中 | B6: =COUNTIF(迭代清单!$B$2:$B$29,A6) | C6: =COUNTIFS(迭代清单!$B$2:$B$29,A6,迭代清单!$H$2:$H$29,"已完成") | D6: =COUNTIFS(迭代清单!$B$2:$B$29,A6,迭代清单!$H$2:$H$29,"进行中") | E6: =COUNTIFS(迭代清单!$B$2:$B$29,A6,迭代清单!$H$2:$H$29,"未开始") | F6: =IF(B6=0,"",C6/B6) | G6: 验证社区机制
A7: P2 有信号后 | B7: =COUNTIF(迭代清单!$B$2:$B$29,A7) | C7: =COUNTIFS(迭代清单!$B$2:$B$29,A7,迭代清单!$H$2:$H$29,"已完成") | D7: =COUNTIFS(迭代清单!$B$2:$B$29,A7,迭代清单!$H$2:$H$29,"进行中") | E7: =COUNTIFS(迭代清单!$B$2:$B$29,A7,迭代清单!$H$2:$H$29,"未开始") | F7: =IF(B7=0,"",C7/B7) | G7: 依赖前面的机制被验证，现在做是浪费
A8: 暂缓 | B8: =COUNTIF(迭代清单!$B$2:$B$29,A8) | C8: =COUNTIFS(迭代清单!$B$2:$B$29,A8,迭代清单!$H$2:$H$29,"已完成") | D8: =COUNTIFS(迭代清单!$B$2:$B$29,A8,迭代清单!$H$2:$H$29,"进行中") | E8: =COUNTIFS(迭代清单!$B$2:$B$29,A8,迭代清单!$H$2:$H$29,"未开始") | F8: =IF(B8=0,"",C8/B8) | G8: 先砍掉：换不来文稿问题的答案
A9: 合计 | B9: =SUM(B5:B8) | C9: =SUM(C5:C8) | D9: =SUM(D5:D8) | E9: =SUM(E5:E8) | F9: =IF(B9=0,"",C9/B9)
A11: 北极星指标 | B11: 收到非熟人真实回应的房间占比
A12: 最近一轮数值 | B12: =IF(实验指标!I2<>"",实验指标!I2,IF(实验指标!H2<>"",实验指标!H2,IF(实验指标!G2<>"",实验指标!G2,IF(实验指标!F2<>"",实验指标!F2,"尚未填写"))))
A14: 怎么填
A15: 黄色单元格是填写区：“迭代清单”的状态、负责人、开始日期、截止日期、备注；“实验指标”各轮数值与备注。其余单元格自动计算或为固定内容。
A16: 状态用下拉选择：未开始、进行中、已完成、搁置。截止日期已过且未完成的会标红。
A17: 填写示例（格式参考，不是真实进度）：状态“进行中” · 负责人“张三” · 开始日期 2026-11-02 · 截止日期 2026-11-16 · 指标 0.35（显示为 35.0%）。
A18: 内容来源：基于此前关于「隔壁」迭代方向的讨论整理。

Sheet 迭代清单
A1: 编号 | B1: 阶段 | C1: 迭代项 | D1: 要解决的问题 | E1: 具体做法 | F1: 依据（文稿与讨论） | G1: 验证指标 | H1: 状态 | I1: 负责人 | J1: 开始日期 | K1: 截止日期 | L1: 备注
A2: 1 | B2: P0 实验前 | C2: 地址精度改到城市级 | D2: 选址精确到约十米，等于在公开地图上标出住处；国内公开发布地图类产品通常需要审图号 | E2: 默认只显示到城市；坐标做模糊处理；不对外暴露精确点位；上线前请专业人士确认审图要求 | F2: 原型自身引入的隐私与合规风险 | G2: 上线前完成隐私处理与合规确认 | H2: 进行中 | J2: 46316 | L2: 代码部分已完成（v4）：选址吸附到最近城市并随机偏移，只显示到 0.1°。审图号要求待专业人士确认。
A3: 2 | B3: P0 实验前 | C3: 访客记录与“留言 → 回复”闭环 | D3: 房间被看了，房主却不知道；缺少回访理由 | E3: 自动记录访客；由 Bit 汇总成一句话（例：今晚 @pixelmo 来过，玩了你的游戏，在黑板上留了言）；房主可直接回复，回复通知到对方 | F3: QQ 空间“谁看过我”；文稿“首次有效反馈等待时间”“重复交流” | G3: 首次回应的等待时间；重复互动的人员组合 | H3: 已完成 | J3: 46316 | K3: 46316 | L3: v4：访客自动记录；Bit 和访客簿汇总新访客与留言；房主可直接回复；对方下次打开时在“动态”里看到（站内提醒，无推送）。
A4: 3 | B4: P0 实验前 | C4: 单文件作品托管 | D4: 绑定外部网址很脆弱，很多网站禁止被嵌入，实验时一定有人卡住 | E4: 支持上传或粘贴单个 HTML 文件，由平台托管；作品一定能打开，可接入 SDK 与物件同步；审核有抓手 | F4: AI 做出来的作品大多是单个 HTML 文件 | G4: 作品成功在房间内打开的比例 | H4: 已完成 | J4: 46316 | K4: 46316 | L4: v4：上传或粘贴单个 HTML（≤200 KB），在隔离沙箱中运行，可接 SDK。
A5: 4 | B5: P0 实验前 | C5: 账号与云端存储 | D5: 所有数据只存在浏览器本地，无法多人实验 | E5: 账号体系；房间、留言、访客数据存到云端 | F5: 开放工作室实验的前提 | G5: 实验可多人运行 | H5: 已完成 | J5: 46316 | K5: 46316 | L5: v4：用 claude.ai 账号作为身份；数据存在页面的共享数据库，每人只能写自己的房间、留言和访客记录。参与者需在分享菜单设为“参与者”。
A6: 5 | B6: P0 实验前 | C6: 房间分享卡片 | D6: 种子用户邀请与二次传播缺少载体 | E6: 自动生成房间截图，带城市和门牌号，适合发微信和小红书 | F6: 种子用户邀请与二次传播 | G6: 通过分享卡片进入的新访客 | H6: 已完成 | J6: 46316 | K6: 46316 | L6: v4：1080×1440 卡片，可保存图片、复制直达房间的链接。
A7: 6 | B7: P1 实验中 | C7: 物件收藏与改编 | D7: 不创作的人缺少参与方式；物件的收藏意义来自主人的表达，所以物件要能被主人改成自己的样子 | E7: 收藏：把喜欢的物件放进自己房间的展台，保留原作者署名，访客点开可链回作者。改编：复制一份成自己的版本（托管作品一并复制），署名和改编链一直保留。作者能在访客簿看到被收藏、被改编的次数。 | F7: 豆瓣式标记与策展；文稿“消费者转化为生产者” | G7: 收藏或策展行为的人数占比 | H7: 已完成 | J7: 46316 | K7: 46316 | L7: v5：收藏品展台、改编、署名与改编链、作者端提醒。
A8: 7 | B8: P1 实验中 | C8: 主题周：“理想中的深夜小店” | D8: 陌生人缺少共同对象；空间里缺少持续发生的事 | E8: 全员布置同一主题的房间；地球上点亮一张主题地图；结束后把活动归档 | F8: 文稿从豆瓣得出的“共同对象”；阿尔法城之问：空间里会持续发生什么 | G8: 第二、三周重复互动的人员组合 | H8: 已完成 | J8: 46316 | K8: 46316 | L8: v5：每周自动轮换主题；参加的房间在地球上亮灯、其余变暗；往期归档。当前部分参与者是演示数据。
A9: 8 | B9: P1 实验中 | C9: 平铺的“物件流”作为发现入口 | D9: 飞过去、推门、走进去才能看到东西，成本太高 | E9: 10 秒能看懂、可直接试玩的物件卡片流；房间是目的地，物件流是街道 | F9: 文稿：作品形式越丰富，理解和回应越要轻；3D 展示身份，2D 负责发现 | G9: 收到非熟人真实回应的房间占比 | H9: 已完成 | J9: 46316 | K9: 46316 | L9: v5：首页“逛物件流”；分类筛选；站内直接试玩；收藏、改编、当场给作者留一句话。
A10: 9 | B10: P1 实验中 | C10: Agent 从“陪聊”改为“转达” | D10: 访客可能只和 Bit 聊天，关系被机器人截住 | E10: Bit 负责接待、介绍作品，并把访客引向房主：帮忙留言、预约、提醒房主回复，不替房主社交 | F10: Agent 是中介，不替代人与人的关系 | G10: 首次回应的等待时间 | H10: 已完成 | J10: 46316 | K10: 46316 | L10: v5：Bit 改为接待与转达：留言、预约、提醒回复（6 小时限一次）；房主端汇总待回复。
A11: 10 | B11: P2 有信号后 | C11: 多人同时在场 | D11: — | E11: 其他访客的头像、表情 | F11: 依赖前面的机制先被验证 | G11: — | H11: 未开始
A12: 11 | B12: P2 有信号后 | C12: 物件与主题市场、创作者分成 | D12: — | E12: 物件与主题上架交易，创作者获得分成 | F12: 依赖前面的机制先被验证 | G12: — | H12: 未开始
A13: 12 | B13: P2 有信号后 | C13: 一句话装修 | D13: — | E13: 对 Agent 说一句话就完成装修 | F13: 依赖前面的机制先被验证 | G13: — | H13: 未开始
A14: 13 | B14: P2 有信号后 | C14: 机构房间 | D14: — | E14: 招聘方、游戏 IP 方的同人街区等机构入驻 | F14: 依赖前面的机制先被验证 | G14: — | H14: 未开始
A15: 14 | B15: P2 有信号后 | C15: 移动端性能深度优化 | D15: — | E15: 针对手机的渲染与交互深度优化 | F15: 依赖前面的机制先被验证 | G15: — | H15: 未开始
A16: 15 | B16: 暂缓 | C16: 更多房间模板 | D16: — | E16: 先砍掉 | F16: 现有视觉水准已足够融资，继续投入换不来文稿问题的答案 | G16: — | H16: 搁置
A17: 16 | B17: 暂缓 | C17: 更多家具 | D17: — | E17: 先砍掉 | F17: 同上 | G17: — | H17: 搁置
A18: 17 | B18: 暂缓 | C18: 更炫的特效 | D18: — | E18: 先砍掉 | F18: 同上 | G18: — | H18: 搁置
A19: 18 | B19: P1 实验中 | C19: 物件外观轻定制 | D19: 物件只能摆放，主人没法表达自己；没有表达，收藏就没有意义 | E19: 每件作品物件可选主题色，展示屏和街机会换成这个颜色；改编的作品可以先从换色开始。 | F19: 讨论中对“物件是否能自定义”的判断：收藏的意义在于主人的表达 | G19: 有换色或改名的作品物件占比 | H19: 已完成 | J19: 46316 | K19: 46316 | L19: v5：已上线主题色。
A20: 19 | B20: P2 有信号后 | C20: 自定义物件外壳 | D20: — | E20: 允许用户为物件上传自己的贴图或简单模型，让物件本身成为原创表达；需要体积限制与审核。 | F20: 依赖前面的收藏与改编机制先被验证 | G20: — | H20: 未开始
A21: 20 | B21: P1 实验中 | C21: 没有房间也能收藏（口袋） | D21: 不写代码的访客点“收藏”被拦下，收藏指标被压到接近 0 | E21: 收藏先放进口袋；参与者的口袋跟账号走，查看者的存在本机；入住时一键摆进房间 | F21: 模拟用户体验报告：苏晴、王敏 | G21: 收藏或策展行为的人数占比 | H21: 已完成 | J21: 46317 | K21: 46317 | L21: v6
A22: 21 | B22: P1 实验中 | C22: 房间名片 | D22: 招聘方和合作者找不到介绍和联系方式 | E22: 一句话介绍、技术栈、GitHub、主页、公开联系方式、在看机会/欢迎合作；显示在门牌、住户面板、“关于房主” | F22: 模拟用户体验报告：王敏 | G22: 通过名片发起联系的次数（待埋点） | H22: 已完成 | J22: 46317 | K22: 46317 | L22: v6
A23: 22 | B23: P0 实验前 | C23: 新住户上手：待上传清单与冷启动 | D23: 入住后的作品多是空屏；新住户拿不到第一个访客 | E23: 入住后“待上传”清单；物件库自动找空位；空作品在物件流沉底并标注；Bit 推荐三位附近邻居、邀请参加主题周 | F23: 模拟用户体验报告：林卓、小陈 | G23: 作品成功在房间内打开的比例；新住户首周收到回应的比例 | H23: 已完成 | J23: 46317 | K23: 46317 | L23: v6
A24: 23 | B24: P0 实验前 | C24: 来源与打开结果埋点 | D24: 指标量不出来：来访没有来源，打开失败没有记录 | E24: 来访记录带来源 via；作品窗口记录已接入/未接入/加载失败；分享链接带 from=share | F24: 模拟用户体验报告“验证指标”一节 | G24: 让北极星和打开率可计算 | H24: 已完成 | J24: 46317 | K24: 46317 | L24: v6
A25: 24 | B25: P1 实验中 | C25: SDK 文档与窗口状态 | D25: 开发者找不到接入方式；加载失败被说成“已载入” | E25: docs/SDK.md；窗口内的接入说明；区分“未接入 SDK”与“加载失败” | F25: 模拟用户体验报告：周屿 | G25: 已接入 SDK 的作品占比 | H25: 已完成 | J25: 46317 | K25: 46317 | L25: v6
A26: 25 | B26: P0 实验前 | C26: 设计系统与界面改版 | D26: 界面观感陈旧；协作者没有统一的视觉规范 | E26: styles/tokens.css 与组件样式；设计系统页面；检查脚本拦截颜色字面量和未定义 token | F26: 产品负责人要求 | G26: — | H26: 已完成 | J26: 46317 | K26: 46317 | L26: v6
A27: 26 | B27: P0 实验前 | C27: 协作开发规范 | D27: 邀请协作者之前缺少流程和约定 | E27: CONTRIBUTING、架构与数据约定、PR 与 Issue 模板、CODEOWNERS、CI 检查 | F27: 产品负责人要求 | G27: — | H27: 已完成 | J27: 46317 | K27: 46317 | L27: v6：开源许可证待定
A28: 27 | B28: P0 实验前 | C28: 迁到自己的后端 | D28: 组织外访客只有查看者权限，不能入住、留言，来访也不记录；公开招募种子用户前必须解决 | E28: 拆分模块 → 抽出数据访问层 → 自建后端 → 托管作品迁到独立域名 | F28: 模拟用户体验报告；Artifact 权限规则 | G28: 组织外访客能留言、留下来访记录 | H28: 未开始 | L28: 见 docs/ARCHITECTURE.md
A29: 28 | B29: P2 有信号后 | C29: 英文界面 | D29: 海外开发者看不懂中文界面 | E29: 字符串表与语言切换 | F29: 模拟用户体验报告：Kenji | G29: 海外访客的停留时长 | H29: 未开始 | L29: v6 已支持英文城市名和日文汉字搜索；主题周统一按北京时间

Sheet 实验指标
A1: 文稿里的问题 | B1: 指标 | C1: 计算方式 | D1: 数据来源 | E1: 单位 | F1: 第 1 轮 | G1: 第 2 轮 | H1: 第 3 轮 | I1: 减少催促后 | J1: 第 3 轮较第 1 轮 | K1: 备注
A2: 被理解是否发生 | B2: 收到非熟人真实回应的房间占比（北极星指标） | C2: 收到至少 1 条非熟人真实回应的房间数 ÷ 参与房间总数。真实回应须包含具体体验、理解或建议，单纯点赞不计 | D2: 访客记录与留言（迭代 2） | E2: % | J2: =IF(OR(F2="",H2=""),"",H2-F2)
A3: 发布后是否长时间无人回应 | B3: 首次回应的等待时间 | C3: 从房间或作品发布到收到第一条真实回应的时间，取中位数 | D3: 发布记录与留言时间 | E3: 小时 | J3: =IF(OR(F3="",H3=""),"",H3-F3)
A4: 不创作的人能否留下来 | B4: 收藏或策展行为的人数占比 | C4: 有过收藏、把他人物件放进房间或推荐行为的成员数 ÷ 全体成员数 | D4: 物件收藏记录（迭代 6） | E4: % | J4: =IF(OR(F4="",H4=""),"",H4-F4)
A5: 活动之后还有没有关系 | B5: 第二、三周重复互动的人员组合 | C5: 在第二周和第三周都发生过互动的成员对数 | D5: 留言与访客记录 | E5: 对 | J5: =IF(OR(F5="",H5=""),"",H5-F5)
A6: 是否依赖运营催促 | B6: 减少催促之后，以上指标的变化 | C6: 对比减少运营催促前后，上面四项指标的变化（填在“减少催促后”一列与各轮对照） | D6: 运营记录与以上数据 | E6: — | J6: =IF(OR(F6="",H6=""),"",H6-F6)
A8: 说明
A9: 黄色单元格为填写区；百分比请填小数（例如 0.35 显示为 35.0%）。“第 3 轮较第 1 轮”自动计算，两轮都填写后才显示。
